{
  "stid": "466900",
  "year": [
    1960, 1961, 1962, 1963, 1964, 1965, 1966, 1967, 1968, 1969, 1970, 1971,
    1972, 1973, 1974, 1975, 1976, 1977, 1978, 1979, 1980, 1981, 1982, 1983,
    1984, 1985, 1986, 1987, 1988, 1989, 1990, 1991, 1992, 1993, 1994, 1995,
    1996, 1997, 1998, 1999, 2000, 2001, 2002, 2003, 2004, 2005, 2006, 2007,
    2008, 2009, 2010, 2011, 2012, 2013, 2014, 2015, 2016
  ],
  "dur": [
    60, 120, 180, 240, 300, 360, 420, 480, 540, 600, 720, 960, 1080, 1440, 2880,
    4320
  ],
  "Max": [
    103.5, 182.5, 212.9, 227.1, 238.2, 243.4, 249.7, 253.9, 260.1, 281, 337.5,
    442.5, 474.5, 529.5, 615, 792.3
  ],
  "Min": [
    23, 31, 37, 40, 40.5, 42.5, 49, 53.5, 54.5, 56, 62.9, 64.9, 64.9, 83.2, 96,
    96.5
  ],
  "Mean": [
    47.8421052631579, 73.4298245614035, 89.25263157894736, 101.70877192982456,
    113.2421052631579, 123.30000000000001, 133.5298245614035, 140.9280701754386,
    147.09298245614033, 153.7052631578947, 164.73333333333332,
    183.52280701754384, 191.65087719298242, 212.11929824561403,
    262.90701754385964, 290.78596491228075
  ],
  "Std": [
    16.96239482932362, 27.795811380958366, 33.02184398926153,
    37.186884596116855, 41.81413357845996, 45.33241114258099, 49.70140111891169,
    51.77057822183908, 53.72240440997566, 56.824002791365224,
    61.994920106792776, 74.24054537578664, 78.08857636136905, 86.0492310055215,
    119.1966395434289, 136.2531080098942
  ],
  "Cv": [
    0.354549506883552, 0.37853571824504284, 0.3699817406510019,
    0.36562121329883407, 0.36924546290701765, 0.3676594577662691,
    0.37221198546588796, 0.3673546239396516, 0.3652275146844236,
    0.3696945805492191, 0.3763350067186935, 0.4045303501089629,
    0.4074522251350717, 0.4056643205838097, 0.4533794520092787,
    0.4685683782950001
  ],
  "Cs": [
    0.9913242753183558, 1.1642026786990083, 0.9922891299072846,
    0.823721869426075, 0.6189764857932186, 0.4699152743585781,
    0.3760940902751748, 0.36940107728072324, 0.4033853972395347,
    0.4287242640591082, 0.6406270394081107, 1.0285338257488914,
    1.0733761648318874, 1.066487950672463, 1.1953507301045514,
    1.4225233414371066
  ],
  "intens": [
    [
      66.2, 66.2, 66.2, 88.1, 88.1, 88.1, 94.5, 107.6, 111.8, 112.6, 120.1,
      130.4, 132.6, 172.3, 222.4, 261.4
    ],
    [
      31.6, 52.1, 65.1, 77.9, 90.5, 96.9, 103.9, 108.7, 111.6, 114, 117.3,
      123.5, 123.6, 128.6, 130.5, 138.5
    ],
    [
      41.9, 75.2, 109.8, 128.8, 143.1, 156.9, 163.3, 168.6, 177.3, 183.7, 189.6,
      202.2, 213.3, 230, 250.9, 278.1
    ],
    [
      27.4, 41.6, 55.2, 70.8, 84, 99, 112, 126.7, 133.5, 142.8, 160.3, 206.2,
      228.7, 286.5, 370.6, 388.4
    ],
    [
      38, 74, 101, 105, 113.7, 119.7, 123.7, 127.7, 129.4, 131, 138, 142.1,
      144.9, 149.2, 186.4, 188.4
    ],
    [
      25.2, 47.2, 67.9, 81.7, 82.3, 85.2, 91.7, 92.3, 96.7, 100.8, 107.4, 121.1,
      137.7, 160.1, 167.6, 168.6
    ],
    [
      29.2, 33.2, 49, 58.4, 62.2, 72.5, 79.6, 85.8, 91.4, 97.1, 109.1, 118.8,
      125.5, 157.8, 249.9, 346.3
    ],
    [
      44, 57, 67, 75, 81.8, 89.3, 94.3, 104.3, 105.4, 108.1, 111.2, 121.8,
      124.9, 148.5, 218.2, 234.6
    ],
    [
      28.6, 40.3, 53.3, 65, 80.4, 92.1, 102.4, 105.9, 111.5, 124.6, 151.7,
      164.9, 168.4, 185, 239.6, 257.5
    ],
    [
      66.9, 79.9, 98.8, 106.9, 116.8, 131.3, 142, 154.7, 161.7, 180.2, 205,
      257.5, 283.9, 356.4, 608.7, 792.3
    ],
    [
      69.9, 87.8, 109.5, 115.2, 119.4, 147.2, 178.7, 185.7, 191.4, 211.4, 238.4,
      254, 264.6, 293.6, 305.1, 305.1
    ],
    [
      24, 36.8, 51, 63.2, 71.7, 83.6, 95.9, 108.1, 118.1, 127.8, 146.8, 170.8,
      172.4, 183, 204.2, 231.8
    ],
    [
      34.6, 68, 73.8, 78.9, 84.5, 85.9, 90.1, 101.7, 111.7, 117.1, 125, 157.2,
      177.3, 196, 211.2, 246.2
    ],
    [
      28.7, 49.7, 61.1, 61.9, 67.5, 68.9, 70.1, 70.9, 71.1, 71.7, 72.1, 79.1,
      79.1, 83.2, 123.9, 163.5
    ],
    [
      39.4, 59.9, 71.9, 75.5, 80.6, 87.8, 93.8, 101.8, 112.1, 118.1, 119.4,
      120.3, 128.7, 135.6, 160.3, 170.9
    ],
    [
      31.3, 44.9, 47.4, 53, 57.8, 64.1, 69, 69.6, 72.9, 76.9, 84.6, 100, 108.2,
      138, 198.9, 235.5
    ],
    [
      45.5, 71, 82.2, 96.2, 107.2, 115.2, 126.2, 137.2, 150.4, 161.8, 176.9,
      186.3, 202.5, 206.7, 238.8, 266.1
    ],
    [
      103.5, 182.5, 212.9, 227.1, 238.2, 243.4, 249.7, 253.9, 260.1, 264.3,
      267.7, 271.5, 273.3, 278.3, 313.1, 349.6
    ],
    [
      33.2, 49.1, 63.1, 76.3, 90.3, 103.9, 118.5, 131.3, 143.9, 153.7, 171.3,
      194.3, 200.9, 246.5, 370.6, 432.7
    ],
    [
      62.8, 96.2, 104.8, 110.4, 114.1, 121.6, 130.2, 149.7, 165.5, 174.1, 185.5,
      189.2, 190.4, 218.5, 299.1, 300.8
    ],
    [
      42.9, 49.6, 56.8, 64.7, 73.4, 82.1, 86.3, 89.8, 93.8, 96, 99.7, 100, 100,
      103.1, 128.9, 182.7
    ],
    [
      86.8, 129.8, 146.3, 168.2, 187, 202.2, 225.4, 231.9, 239.5, 251.1, 266.7,
      295.9, 304.6, 328.5, 341.3, 342
    ],
    [
      46.3, 72.1, 105.1, 115.3, 118.4, 123.1, 126.3, 128.3, 129.5, 130.5, 131.6,
      137.2, 143.4, 198.8, 264.1, 268.1
    ],
    [
      65, 82.3, 89.5, 97.9, 101.8, 104.8, 107.7, 110.5, 113, 113.1, 114.9,
      114.9, 114.9, 114.9, 143.3, 153.5
    ],
    [
      40.3, 72.5, 91.5, 99.5, 102.9, 111.9, 120.3, 122.8, 129.9, 135.7, 142.3,
      166.5, 171.1, 176.6, 200, 201.1
    ],
    [
      58, 100.7, 105.4, 107.7, 150.9, 156.4, 192.3, 194.6, 196.1, 196.2, 196.2,
      199.4, 199.5, 200, 200.6, 200.8
    ],
    [
      87.6, 118.2, 138.5, 148.1, 167.6, 180.8, 195.2, 203.1, 204.5, 206.5,
      208.2, 232.6, 248.3, 289.8, 362.4, 388.2
    ],
    [
      47.1, 64.5, 78.7, 93.4, 107.6, 119.3, 126.6, 135.6, 149.9, 166.6, 197.9,
      243.8, 260.4, 315.9, 430.4, 474.8
    ],
    [
      68.8, 127.3, 158.6, 191.4, 213.5, 224.4, 225.7, 228.5, 247.6, 259.1,
      270.2, 281.7, 281.7, 283.4, 286.7, 287.5
    ],
    [
      42.4, 63.1, 77.1, 98.9, 124, 138, 146.5, 153.3, 157.9, 166.5, 178.6,
      182.4, 183.3, 188.8, 265.1, 312.4
    ],
    [
      71, 104, 128.1, 140.1, 148.9, 157.7, 162.9, 166.9, 171.4, 174.4, 179.4,
      180.7, 184.2, 189, 262.3, 274.6
    ],
    [
      29.9, 43.1, 52, 62.6, 62.8, 62.9, 62.9, 62.9, 62.9, 62.9, 62.9, 64.9,
      64.9, 85.4, 123.3, 148.9
    ],
    [
      44.8, 53.3, 61.3, 62.6, 62.7, 62.8, 62.9, 67.5, 76.9, 85.9, 92.9, 114.8,
      130.9, 175.4, 227.3, 276.3
    ],
    [
      63.7, 104, 112.6, 113.5, 113.8, 114.2, 115.5, 115.5, 115.5, 115.5, 115.5,
      115.5, 115.5, 115.5, 129.1, 134.6
    ],
    [
      49.5, 62.1, 77.6, 85.1, 99.7, 107.2, 112.7, 116.7, 119.3, 120.8, 139.3,
      154.6, 176.7, 210.5, 252.2, 253.8
    ],
    [
      25, 36.2, 39.8, 40.3, 43.3, 50.4, 54.1, 62.5, 70.8, 75.8, 84.6, 111.6,
      120.4, 140.3, 165.5, 190.2
    ],
    [
      59.5, 86.3, 91.3, 98.5, 108.5, 123.5, 139, 151, 157, 172, 181.5, 196.3,
      202.3, 221.4, 243.7, 308.6
    ],
    [
      47, 80.8, 107.3, 132.3, 159.8, 174.3, 207.3, 208.3, 213.8, 214.5, 214.5,
      214.5, 217.8, 235.8, 238.4, 274.6
    ],
    [
      46.5, 70.5, 81, 103.5, 129, 145, 171, 182.5, 187, 196.5, 207, 251.5, 274,
      306.8, 346.6, 347.1
    ],
    [
      36.5, 41.5, 45.4, 48.5, 52.5, 56, 61.5, 66.5, 71.5, 74.5, 88, 102, 107,
      110.3, 110.3, 110.3
    ],
    [
      48, 81.5, 108.5, 137, 170.5, 194, 209, 232, 255.5, 281, 337.5, 442.5,
      474.5, 529.5, 562.5, 572.5
    ],
    [
      59, 93, 113.5, 134, 164, 195, 215, 227.5, 238, 243.5, 257.5, 348, 364,
      392, 615, 645
    ],
    [
      55.5, 65, 74.5, 79.5, 82.5, 85.5, 87.5, 90.5, 92.5, 94, 95.5, 115.5,
      133.5, 153.5, 161.5, 163.9
    ],
    [
      23, 31, 37, 40, 40.5, 42.5, 49, 53.5, 54.5, 56, 82.5, 95, 95, 95, 96, 96.5
    ],
    [
      47, 90, 100, 111.5, 119.5, 124.5, 127.5, 130.5, 133.5, 137, 143, 180,
      192.5, 214, 251, 254.2
    ],
    [
      48, 93.5, 137.5, 138.5, 138.5, 151.5, 161.5, 169, 175, 185, 194.5, 212.5,
      239.5, 268.5, 288.5, 314.5
    ],
    [
